4E00, 21117
4E01, 23504
4E07, 25399
4E08, 21753
4E09, 21840
4E0A, 23803
4E0B, 21953
4E0C, 21447
4E0D, 21034
4E10, 25456
4E11, 24755
4E14, 22390
4E16, 21090
4E18, 23752
4E19, 23912
4E1E, 23740
4E26, 23813
4E2A, 25606
4E2D, 21918
4E2E, 26198
4E32, 27014
4E33, 22811
4E38, 21128
4E3B, 21265
4E3C, 23727
4E3F, 27048
4E42, 26785
4E45, 25497
4E48, 21207
4E4B, 22848
4E4D, 23329
4E4F, 26910
4E52, 22518
4E53, 23662
4E56, 27192
4E58, 22699
4E5C, 23680
4E5D, 25497
4E5E, 22953
4E5F, 21331
4E73, 21292
4E7E, 25301
4E7F, 21939
4E82, 27144
4E85, 25436
4E86, 22985
4E88, 21143
4E8B, 21168
4E8C, 23859
4E8D, 22761
4E8E, 21028
4E91, 21586
4E92, 21974
4E93, 21158
4E94, 22955
4E95, 26120
4E9B, 21602
4E9E, 21069
4E9F, 21533
4EA1, 26084
4EA2, 25757
4EA4, 21784
4EA6, 21270
4EA8, 21418
4EAB, 25073
4EAC, 22603
4EAD, 23343
4EAE, 21849
4EB6, 22854
4EB9, 26890
4EBA, 26096
4EC0, 26182
4EC1, 25444
4EC4, 25873
4EC6, 23610
4EC7, 25259
4EC9, 25462
4ECA, 23801
4ECB, 26557
4ECC, 24963
4ECD, 23425
4ED4, 21071
4ED6, 22052
4ED7, 25893
4ED8, 22445
4ED9, 23127
4EDD, 26711
4EDE, 21880
4EDF, 22417
4EE1, 23578
4EE3, 25350
4EE4, 23425
4EEF, 25078
4EF0, 21083
4EF3, 21670
4EF5, 22955
4EF6, 23952
4EF7, 22227
4EFB, 21880
4EFD, 23486
4F01, 21533
4F09, 21536
4F0A, 21286
4F0D, 23404
4F0E, 21374
4F0F, 25558
4F10, 26205
4F11, 22204
4F13, 21050
4F19, 23336
4F22, 22360
4F2E, 22910
4F2F, 26028
4F34, 27106
4F38, 22333
4F3A, 21107
4F3C, 25855
4F3D, 23046
4F41, 25276
4F43, 24863
4F46, 25278
4F47, 25081
4F4A, 21530
4F4B, 24157
4F4D, 21651
4F4E, 23226
4F4F, 26906
4F50, 23880
4F51, 21495
4F53, 27078
4F54, 22036
4F55, 22120
4F57, 24143
4F59, 21028
4F5A, 22916
4F5B, 24215
4F5C, 24360
4F5D, 22562
4F5E, 23207
4F60, 21696
4F67, 25554
4F69, 25439
4F6C, 23109
4F6E, 23619
4F6F, 21073
4F70, 26028
4F73, 26795
4F74, 26235
4F75, 22652
4F76, 21961
4F79, 23417
4F7A, 25878
4F7B, 24933
4F7E, 22526
4F7F, 22312
4F82, 21826
4F83, 22258
4F84, 21947
4F86, 24793
4F89, 21264
4F8B, 21721
4F8D, 25855
4F8F, 22543
4F97, 21714
4F98, 22546
4F9B, 21881
4FAF, 22120
4FB5, 21729
4FB6, 24053
4FB7, 26587
4FB9, 22851
4FBA, 21870
4FBF, 23141
4FC3, 25088
4FC4, 23920
4FC7, 21888
4FCF, 23975
4FD5, 22384
4FD7, 23691
4FDA, 21630
4FDB, 24368
4FDD, 23414
4FDE, 21143
4FE1, 22333
4FF1, 22446
4FF3, 23274
4FF5, 24813
4FF6, 25727
4FF8, 21276
4FF9, 21069
4FFA, 21604
4FFE, 21656
50A2, 21784
50AB, 25043
50AC, 23381
50AD, 21073
50B2, 24786
50B3, 27130
50B4, 22446
50B5, 25622
50B7, 21261
50B8, 24716
50BB, 23807
50BE, 24236
50BF, 21477
50C1, 26049
50C2, 23743
50C4, 25046
50C5, 24438
50C6, 24397
50CE, 25952
50CF, 21444
50D1, 24228
50D4, 26771
50D7, 23995
50E3, 22595
50E5, 25151
50E7, 22059
50EB, 21463
50EC, 23742
50F5, 21694
50F9, 22227
50FB, 25631
51A0, 26400
51A4, 23832
51A5, 21467
51AC, 21711
51B0, 21366
51B2, 24225
51B5, 21409
51B7, 26731
51CA, 22631
51CB, 22061
51CD, 22193
51DC, 26731
51DD, 25629
51E1, 26897
51ED, 24963
51F8, 21783
51F9, 22520
51FA, 23869
51FD, 22125
52A0, 22879
52A9, 24827
52AA, 22371
52AC, 21374
52AD, 23705
52BC, 26476
52C0, 26287
52C1, 23601
52C3, 23245
52D2, 22119
52D5, 22729
52D8, 22039
52DD, 23824
52DE, 23995
52E2, 21090
52E4, 26895
52E6, 22715
52E9, 21108
52F8, 27145
52FA, 23234
52FB, 21586
52FC, 23752
52FE, 22008
52FF, 22266
53AD, 21477
53B2, 21721
53B4, 21596
53B6, 22452
53BB, 21535
53BE, 25567
53C3, 21246
53C9, 21793
53CA, 25925
53CC, 21348
53CD, 23912
53D4, 23027
53D5, 27126
53D6, 21262
53D7, 22213
53DB, 27106
53E2, 21543
53E3, 25291
53E4, 22446
53E5, 22448
53E6, 26278
53E8, 22438
53E9, 23175
53EA, 23561
53EB, 24990
53EC, 24189
53ED, 25944
53EE, 23504
53EF, 25553
53F0, 23804
53F1, 21949
53F2, 23325
53F8, 21905
53FB, 26670
54A0, 22657
54A4, 22546
54A5, 21589
54A6, 23436
54A7, 25545
54A9, 21817
54AA, 21253
54AC, 24408
54AD, 26476
54AF, 25869
54B1, 22011
54B2, 23566
54B3, 23233
54B8, 22685
54B9, 21604
54BA, 25842
54BB, 25067
54BD, 21477
54BE, 23109
54C2, 23764
54C4, 25018
54C6, 22390
54C8, 24937
54C9, 25622
54CD, 24294
54CE, 26785
54CF, 26829
54D6, 21742
54DE, 21122
54E1, 27024
54E6, 23171
54E7, 26079
54E8, 23975
54E9, 21721
54EA, 23700
54ED, 24557
54EE, 22513
54EF, 22194
54F1, 23499
54F2, 25673
54F3, 26604
54F6, 21817
54F9, 23901
54FC, 21997
54FD, 23050
55A2, 23849
55A3, 21194
55A4, 21626
55A8, 21849
55AA, 22286
55AB, 26760
55AC, 25574
55AE, 26463
55BB, 24053
55C0, 26212
55C3, 23988
55C4, 26330
55C5, 23035
55C6, 21266
55C7, 23934
55CA, 21409
55CC, 21623
55CD, 24024
55CE, 21084
55D0, 25330
55D1, 21973
55D2, 26233
55D4, 22656
55D8, 24017
55D9, 21783
55DA, 21067
55DB, 24002
55DD, 25652
55DF, 22821
55E2, 21407
55E3, 22978
55F6, 22611
55F7, 23920
55F9, 23496
55FD, 22672
55FE, 22344
56A8, 21838
56AE, 24889
56B1, 21164
56B3, 25920
56B6, 21060
56B7, 26082
56BC, 25467
56C2, 22513
56C9, 22438
56CA, 21922
56DA, 23485
56DB, 22435
56DD, 24026
56DE, 22793
56E0, 25239
56E1, 25370
56E4, 26754
56EA, 21484
56EE, 23171
56F7, 26677
56FA, 23550
57A0, 25986
57A2, 22976
57B5, 23010
57BB, 25271
57C3, 21172
57C4, 22078
57C6, 25920
57CB, 25544
57CC, 21838
57CE, 22764
57D2, 27171
57D5, 23667
57DF, 25808
57E0, 22627
57E4, 21670
57E6, 23082
57ED, 25350
57F9, 22091
57FE, 23998
58A6, 26334
58A8, 26645
58AD, 22353
58AE, 24882
58AF, 25285
58B3, 26270
58BB, 21564
58BC, 26198
58C0, 24242
58C1, 25631
58C5, 21048
58C7, 22865
58D0, 21659
58D3, 21649
58D5, 22120
58DE, 26815
58DF, 22162
58E0, 23425
58E4, 26454
58E9, 25271
58EB, 23013
58EC, 23067
58EF, 27036
58FA, 22120
58FB, 23750
59A4, 21028
59A5, 22833
59A8, 22626
59AC, 25897
59AF, 22569
59B2, 22851
59B3, 21292
59B8, 21155
59B9, 24672
59BB, 23765
59C1, 22445
59C6, 24197
59C9, 21265
59CA, 24917
59CD, 25842
59D0, 21265
59D2, 25855
59D3, 23250
59D4, 21219
59DA, 21587
59DC, 21694
59DD, 21427
59E3, 23749
59E5, 23300
59E6, 22069
59FB, 21286
5A00, 21261
5A09, 23365
5A0E, 24050
5A11, 22020
5A18, 24286
5A1B, 23263
5A1C, 23700
5A1F, 26021
5A25, 23920
5A29, 26146
5A36, 25081
5A3C, 23251
5A3F, 21155
5A40, 21284
5A41, 21630
5A55, 25140
5A5E, 22074
5A65, 23448
5A66, 24172
5A6A, 22145
5A7F, 23750
5A86, 27092
5A8C, 25716
5A92, 21676
5A9A, 26385
5A9B, 23038
5AA7, 21671
5AB3, 21540
5AB5, 21391
5ABD, 21084
5ABE, 22562
5AC1, 22227
5AC2, 22575
5ACC, 24778
5AD6, 23219
5AD7, 21194
5ADC, 23898
5AE9, 27092
5AFA, 23642
5B08, 25871
5B16, 21656
5B19, 24602
5B1B, 26334
5B1C, 21055
5B2A, 24963
5B2D, 21292
5B30, 21177
5B32, 25175
5B38, 21682
5B3E, 26355
5B40, 22286
5B43, 22742
5B50, 25370
5B54, 21794
5B55, 25811
5B57, 21721
5B58, 26220
5B5A, 24172
5B5B, 24508
5B5C, 23924
5B5D, 21732
5B5F, 21829
5B63, 25200
5B6B, 22286
5B70, 25897
5B75, 22204
5B78, 21703
5B7A, 21727
5B7B, 24179
5B7F, 27013
5B80, 26645
5B82, 23207
5B83, 24509
5B84, 23417
5B85, 26311
5B87, 21013
5B88, 24403
5B89, 21471
5B8C, 23643
5B93, 22106
5B95, 22239
5B98, 26400
5B9A, 24594
5B9B, 23082
5BA2, 26287
5BA4, 21540
5BA6, 26897
5BAE, 22603
5BB0, 24051
5BB3, 25325
5BB6, 22879
5BB9, 21654
5BBF, 23164
5BC2, 22657
5BC4, 21624
5BC6, 26112
5BCC, 23932
5BD2, 23642
5BD3, 21907
5BD4, 26369
5BD8, 25855
5BD9, 25289
5BDF, 26225
5BE1, 26278
5BE4, 24240
5BE6, 26369
5BE7, 23207
5BEC, 26232
5BF5, 23067
5BFA, 21108
5BFD, 26810
5C04, 25897
5C05, 26287
5C07, 21325
5C08, 26398
5C0B, 21607
5C0D, 27164
5C0E, 24657
5C0F, 23750
5C10, 21265
5C11, 23975
5C12, 21659
5C14, 21696
5C16, 21863
5C1A, 24514
5C1F, 22530
5C25, 25287
5C28, 21437
5C2A, 21016
5C31, 24444
5C37, 22237
5C38, 21262
5C39, 21570
5C3A, 25088
5C3B, 22394
5C3C, 25033
5C3E, 24117
5C3F, 24980
5C40, 24707
5C41, 21656
5C44, 21366
5C45, 22446
5C46, 22980
5C48, 21345
5C4C, 24477
5C4E, 21121
5C4F, 25172
5C50, 26587
5C51, 25471
5C55, 23158
5C5C, 21998
5C62, 24356
5C63, 21121
5C64, 23855
5C68, 21624
5C69, 24093
5C6C, 23717
5C6F, 26697
5C71, 22322
5C79, 23578
5C8C, 23305
5C8D, 24596
5C90, 23046
5C94, 21793
5CA1, 22604
5CA9, 24525
5CAD, 23425
5CB8, 26010
5CD2, 22242
5CDE, 25397
5CE8, 23920
5CED, 22601
5CF6, 23275
5D0E, 21374
5D12, 25291
5D16, 22360
5D17, 24759
5D19, 26925
5D1A, 22373
5D29, 22536
5D3D, 24051
5D41, 22126
5D4C, 22750
5D4E, 21641
5D52, 22271
5D53, 22436
5D6F, 21125
5D82, 25160
5D84, 21938
5D87, 21235
5D93, 24837
5DA0, 24416
5DA2, 21516
5DBA, 23298
5DBC, 21107
5DC9, 22492
5DD6, 24525
5DD8, 23731
5DDD, 22336
5DE1, 23643
5DE2, 24036
5DE5, 24354
5DE6, 22934
5DE7, 24944
5DE8, 21552
5DEE, 22763
5DF1, 21552
5DF3, 22978
5DFE, 26194
5E00, 26678
5E06, 26334
5E0B, 21265
5E15, 24805
5E18, 21630
5E19, 21872
5E1A, 24403
5E1B, 26442
5E25, 25570
5E2B, 23685
5E2D, 23234
5E33, 21918
5E36, 26177
5E38, 24281
5E40, 23144
5E45, 23988
5E54, 22202
5E55, 24582
5E5B, 25160
5E62, 22239
5E6B, 22347
5E6C, 24143
5E72, 26021
5E73, 24079
5E74, 25211
5E76, 24061
5E79, 23746
5E7C, 21333
5E7D, 22642
5E7E, 21158
5E80, 21764
5E84, 21579
5E87, 21826
5E8A, 21543
5E8B, 26517
5E8F, 21107
5E95, 21869
5E97, 23727
5E9A, 22603
5EA6, 24509
5EA7, 23880
5EAD, 23667
5EB6, 21090
5EB7, 22257
5EB9, 23908
5EBE, 21659
5EC1, 23765
5EC2, 21261
5EC4, 21624
5EC8, 21953
5EC9, 21630
5ECA, 22311
5ECB, 22344
5ED2, 23920
5ED3, 27015
5ED4, 21630
5ED6, 24585
5EDA, 23341
5EDF, 25267
5EE0, 21441
5EE2, 25127
5EE3, 23160
5EE8, 25296
5EEC, 21630
5EF3, 22434
5EF6, 23495
5EFB, 22793
5EFE, 21598
5EFF, 26488
5F01, 26765
5F02, 21108
5F04, 23323
5F07, 22455
5F08, 22194
5F0A, 21903
5F0F, 21540
5F13, 21598
5F1B, 21771
5F1F, 25350
5F26, 23642
5F29, 24370
5F31, 25007
5F35, 21616
5F37, 23921
5F38, 21366
5F40, 23395
5F44, 22394
5F46, 26399
5F48, 24318
5F4A, 21928
5F4C, 21817
5F4E, 23832
5F59, 24543
5F69, 25958
5F6A, 23119
5F6D, 24007
5F70, 23898
5F71, 21341
5F73, 25088
5F78, 21852
5F79, 22916
5F7C, 21857
5F80, 21226
5F85, 26518
5F8C, 23749
5F90, 22329
5F91, 25922
5F97, 26578
5F98, 22545
5F99, 22312
5F9B, 21552
5F9E, 21266
5FA0, 26218
5FA1, 21907
5FA9, 23988
5FAA, 26884
5FAD, 21587
5FAE, 21796
5FB5, 22359
5FB9, 26595
5FBC, 25225
5FCC, 21614
5FCD, 22321
5FD8, 22019
5FD9, 21629
5FE4, 23404
5FEB, 27175
5FEE, 21168
5FF3, 27065
5FF5, 23633
5FF8, 24373
5FFB, 22920
60B2, 22728
60B4, 25794
60B5, 21648
60B8, 25200
60BB, 22703
60BD, 21125
60BE, 21794
60BF, 22649
60C5, 24601
60C7, 26356
60D3, 26882
60D9, 27126
60DA, 24915
60DC, 25317
60DD, 24254
60DF, 21028
60E1, 21196
60E6, 23154
60E7, 21552
60F0, 24882
60F1, 23300
60F2, 26659
60F3, 21408
60F4, 23960
60F6, 24498
60F8, 23840
60F9, 23792
60FB, 25263
61A8, 21895
61A9, 21533
61AE, 23959
61B6, 21117
61B8, 21863
61BA, 22693
61C2, 22111
61C3, 26895
61C9, 21501
61CA, 21264
61CB, 21320
61CD, 26731
61E3, 26705
61E6, 23995
61F2, 23710
61F6, 26355
61F7, 25811
61F8, 24187
61FC, 21614
61FD, 25688
61FE, 23863
62A8, 21985
62AB, 25745
62AC, 24107
62AF, 23734
62B1, 24261
62B5, 21869
62B6, 22497
62B9, 27129
62BC, 21649
62BD, 23593
62C1, 23046
62C2, 24508
62C3, 23130
62C4, 23968
62C5, 22554
62C6, 25088
62C7, 22452
62C8, 23785
62C9, 23784
62CA, 22991
62CB, 21538
62CC, 27140
62CD, 25631
62CE, 21562
62CF, 24450
62D0, 27192
62D1, 21492
62D2, 21552
62D3, 22453
62D4, 25280
62D5, 25030
62D6, 21998
62D7, 21252
62D8, 22008
62DA, 24499
62DB, 22709
62ED, 25317
62F1, 21536
62F3, 26861
62F4, 26395
62FC, 22536
62FD, 23956
62FE, 23948
62FF, 24450
63A0, 25007
63A1, 25958
63A2, 22031
63A3, 25263
63A5, 21354
63A8, 22400
63A9, 21221
63AA, 23539
63AC, 23948
63AD, 23552
63BD, 22242
63C0, 23746
63C1, 21095
63C4, 21143
63C5, 24780
63C6, 23417
63C9, 25814
63CF, 25716
63D0, 23183
63D2, 25169
63D5, 21870
63D6, 22189
63DA, 22240
63DB, 26876
63DC, 21221
63DE, 21096
63E2, 25437
63E4, 25921
63E6, 26810
63E9, 25851
63EA, 22543
63EB, 22543
63EC, 25213
63ED, 26261
63EF, 24263
63F0, 21753
63F2, 24804
63F3, 26761
63F4, 23038
63F5, 23952
63F9, 27002
64A0, 25054
64A2, 22136
64A3, 27058
64A5, 27072
64A8, 24158
64A9, 25175
64AB, 22795
64AD, 24837
64AE, 27124
64B0, 25952
64B2, 23610
64BC, 23097
64BE, 25003
64C1, 21135
64C2, 25813
64C7, 24902
64C9, 26225
64CB, 25430
64CD, 23539
64CE, 23239
64D2, 24004
64D3, 27213
64D4, 22554
64D6, 26770
64D7, 23422
64D8, 25631
64DA, 21624
64DC, 24720
64E0, 24489
64E1, 23183
64E2, 26824
64E4, 22839
64E6, 23765
64E9, 26870
64F1, 24850
64F2, 26824
64F4, 21830
64F7, 23948
64FA, 24949
64FB, 23766
64FE, 25487
64FF, 26045
65A0, 23395
65A1, 21964
65A3, 23027
65A4, 26194
65A5, 23576
65A7, 22991
65AB, 25467
65AC, 22581
65AE, 25088
65AF, 21047
65B0, 22409
65B7, 27130
65B8, 25187
65B9, 21997
65BC, 21007
65BD, 21090
65C1, 25470
65C5, 21696
65C6, 26993
65CB, 26446
65CC, 22359
65CF, 24355
65D0, 25080
65D3, 23096
65E0, 23959
65E2, 22980
65E5, 24162
65E6, 27116
65E9, 23682
65F0, 23089
65F1, 26340
65FB, 25411
65FC, 25411
66A0, 22632
66A2, 24904
66A8, 23578
66AB, 23166
66B4, 23136
66B5, 23089
66C0, 21193
66C6, 25355
66CF, 24889
66D9, 22312
66DD, 24733
66E0, 25443
66EB, 27013
66EC, 25033
66F0, 25425
66F2, 25103
66F3, 26727
66F4, 23939
66F7, 21964
66F8, 21905
66FC, 24315
66FE, 22359
66FF, 24913
67AE, 21342
67AF, 22061
67B0, 26703
67B4, 27008
67B5, 23167
67B6, 22227
67B7, 24017
67B9, 23016
67C0, 25745
67C4, 21819
67CF, 26028
67D0, 24411
67D2, 25088
67D3, 25237
67D4, 25711
67D8, 22230
67D9, 22980
67DA, 25007
67DC, 25811
67DD, 23789
67DE, 25873
67DF, 22965
67E2, 23226
67E5, 22011
67E9, 23708
67EB, 24025
67EC, 23782
67EF, 22066
67F1, 23998
67F4, 23830
67F5, 24355
67FF, 21107
68A0, 21721
68A2, 22915
68A7, 22889
68A8, 21630
68AF, 22400
68B0, 25296
68B2, 26791
68B3, 21855
68C3, 24793
68C4, 25501
68C9, 25332
68D2, 22242
68D3, 23620
68D5, 21579
68DA, 24079
68E0, 25469
68E3, 21939
68E7, 22869
68EE, 22720
68F0, 22992
68F2, 22584
68F9, 25567
68FA, 26400
69A6, 23642
69A8, 25115
69AB, 22695
69B7, 24557
69BB, 22482
69BC, 24937
69C5, 26198
69CA, 25156
69CB, 22008
69CD, 22679
69CE, 21936
69D3, 23569
69D6, 23576
69E7, 22681
69ED, 22761
69F3, 21554
6A01, 21325
6A02, 26500
6A11, 24286
6A13, 22910
6A17, 21199
6A19, 23053
6A1B, 23415
6A1D, 22334
6A1E, 22232
6A1F, 21325
6A21, 21278
6A23, 22124
6A38, 23132
6A39, 22978
6A3A, 24475
6A44, 22431
6A48, 25287
6A4B, 25151
6A50, 24955
6A58, 21961
6A59, 24602
6A5B, 27104
6A5C, 27038
6A5F, 23139
6A61, 23438
6A6B, 23098
6A70, 21155
6A80, 26650
6A8C, 27037
6A90, 23895
6A91, 25813
6A94, 21711
6A97, 25631
6A9C, 26180
6A9F, 23986
6AA0, 23840
6AA3, 24602
6AA8, 26446
6AAE, 24143
6AAF, 23804
6ABB, 22650
6AC2, 23929
6ADA, 23321
6ADB, 25177
6ADF, 25869
6AE5, 24933
6AF3, 22440
6AF8, 21450
6AFA, 21562
6AFC, 22036
6B02, 24733
6B04, 25590
6B09, 21543
6B0A, 26882
6B12, 25074
6B16, 22067
6B21, 22435
6B23, 22920
6B31, 23619
6B32, 22030
6B35, 26501
6B36, 22387
6B37, 22594
6B38, 21239
6B39, 21235
6B3A, 22241
6B3E, 26501
6B41, 22258
6B43, 24434
6B47, 25501
6B48, 21727
6B4C, 22589
6B50, 21044
6B54, 21164
6B55, 26201
6B59, 24357
6B5F, 21028
6B60, 25263
6B61, 25688
6B63, 23144
6B64, 21821
6B6A, 23832
6B72, 26850
6B78, 25811
6B79, 24337
6B7A, 24337
6B7B, 22312
6B82, 22180
6B83, 21027
6B84, 22779
6B89, 26356
6B8A, 22978
6B96, 22442
6B98, 22948
6B9B, 26593
6BA4, 23163
6BAA, 21014
6BAB, 22869
6BAD, 21598
6BAE, 23633
6BB5, 27130
6BB7, 21570
6BBA, 24757
6BBC, 24557
6BBD, 23756
6BBF, 24099
6BC3, 24557
6BC5, 21907
6BC6, 21159
6BCD, 22452
6BCF, 23148
6BD2, 26627
6BD4, 21903
6BDB, 21278
6BE1, 22854
6BE3, 25399
6BEB, 24249
6BEC, 23591
6BEF, 22285
6BFB, 26837
6C05, 24716
6C08, 22854
6C0F, 21095
6C13, 21629
6C14, 22310
6C23, 25200
6C2B, 23902
6C2F, 26670
6C34, 23041
6C40, 22434
6C41, 25738
6C43, 23486
6C4A, 21793
6C4F, 26165
6C50, 26023
6C55, 23335
6C57, 21953
6C59, 21194
6C5C, 21107
6C5D, 25289
6C5E, 21635
6C61, 21194
6C67, 24596
6C68, 24401
6C69, 26645
6C6A, 21321
6C70, 26092
6C72, 25554
6C76, 26890
6C7D, 22379
6C7E, 26058
6C83, 21375
6C84, 21586
6C85, 27024
6C88, 21682
6C89, 22262
6C90, 24582
6C93, 24768
6C96, 22631
6C99, 22584
6C9B, 25670
6C9D, 21541
6CAB, 25667
6CAC, 26629
6CAD, 25401
6CAE, 22848
6CB3, 23700
6CB8, 23695
6CBB, 21771
6CBE, 22308
6CC1, 21409
6CC4, 26598
6CC9, 26711
6CCA, 25723
6CCF, 26481
6CD4, 22125
6CDA, 23903
6CDB, 26508
6CE1, 21942
6CE5, 22122
6CE8, 24320
6CEC, 25980
6CF0, 26193
6CF1, 21702
6CF3, 21391
6CF5, 22242
6D0A, 26986
6D0B, 21073
6D12, 23807
6D17, 25784
6D1A, 21626
6D1B, 24190
6D25, 22656
6D29, 21017
6D2A, 21626
6D2B, 23988
6D2E, 24509
6D31, 21518
6D33, 25870
6D3B, 26910
6D3C, 21103
6D3D, 25925
6D3E, 26292
6D3F, 21067
6D41, 25080
6D5E, 22761
6D61, 23245
6D63, 23082
6D6A, 23859
6D6E, 23016
6D74, 22030
6D78, 21433
6D79, 24385
6D7C, 24368
6D82, 22122
6D87, 23050
6D88, 22213
6D8C, 21226
6D8E, 23679
6D91, 24024
6D94, 22491
6D96, 21721
6D97, 26191
6DAF, 25276
6DB1, 23640
6DB2, 23691
6DB5, 21111
6DB8, 23988
6DBC, 22440
6DC6, 26011
6DCB, 22237
6DCC, 21441
6DD1, 24024
6DD2, 21125
6DD6, 25287
6DD8, 25729
6DDA, 25033
6DDC, 22518
6DE1, 22726
6DE4, 21194
6DE5, 26670
6DE6, 22750
6DEC, 25291
6DF7, 26270
6DF9, 21151
6DFA, 25550
6DFB, 21900
6E05, 21125
6E19, 26900
6E1A, 21265
6E1D, 21143
6E20, 21374
6E21, 25591
6E23, 23561
6E26, 24850
6E2B, 25471
6E32, 26918
6E34, 26619
6E3E, 26701
6E4A, 22934
6E4E, 21966
6E52, 22189
6E53, 26719
6E54, 22854
6E56, 22120
6E58, 23163
6E5B, 22726
6E60, 24803
6E67, 21226
6E6B, 22601
6E6E, 21286
6E6F, 21301
6E73, 22936
6E9C, 25080
6E9D, 22008
6EA2, 21644
6EAA, 26152
6EAB, 25039
6EB2, 22213
6EB6, 21073
6EBA, 25190
6EBC, 22189
6EBD, 25660
6EC1, 21771
6EC4, 22336
6EC7, 23507
6ECB, 23940
6ECC, 24933
6ED2, 22227
6ED3, 24051
6ED5, 24138
6EEB, 23035
6EEF, 25095
6EF2, 21545
6EF7, 24370
6EF8, 22867
6EFE, 26982
6EFF, 26146
6F01, 21641
6F02, 25046
6F06, 26225
6F08, 22230
6F09, 24955
6F0C, 25550
6F0F, 24370
6F15, 24075
6F1A, 21252
6F20, 25399
6F23, 25403
6F26, 21157
6F29, 24105
6F2B, 24315
6F2C, 23561
6F2F, 24670
6F31, 22344
6F32, 25101
6F33, 23898
6F37, 24369
6F38, 22149
6F3C, 23960
6F3E, 22124
6F3F, 21325
6F51, 27048
6F54, 26261
6F58, 26370
6F60, 26784
6F64, 27184
6F66, 25175
6F6D, 22726
6F6E, 25038
6F70, 25168
6F77, 22480
6F7C, 22193
6F80, 21668
6F81, 21668
6F82, 22576
6F84, 22576
6F86, 25871
6F87, 22910
6F88, 24615
6F8C, 21047
6F8D, 22435
6F8E, 24007
6F90, 21586
6FA0, 24368
6FA4, 23691
6FB6, 23679
6FB9, 22726
6FBC, 25631
6FC1, 26223
6FC6, 27141
6FD5, 22189
6FD8, 23425
6FDB, 21629
6FDE, 21795
6FDF, 24489
6FE1, 21727
6FE9, 23988
6FEA, 21346
6FEB, 22936
6FEE, 23610
6FF0, 21028
6FFA, 23178
6FFE, 21721
70A0, 23104
70A4, 23742
70A5, 26939
70A8, 24882
70AB, 24187
70AC, 21552
70AD, 24803
70AE, 23142
70B0, 22609
70B1, 23804
70B2, 23804
70B7, 21211
70B8, 24355
70BA, 21452
70CA, 21073
70CB, 22642
70CF, 21207
70D8, 21276
70D9, 22438
70DC, 23249
70DD, 22631
70DE, 24249
70FA, 23323
71A0, 22092
71A5, 21301
71AC, 23920
71B1, 26604
71C0, 23337
71C3, 25211
71C9, 26022
71CB, 22709
71CE, 25540
71D2, 22915
71D4, 26334
71D5, 21093
71D6, 22016
71D9, 24766
71E0, 22938
71EC, 25428
71ED, 23717
71FC, 23378
71FF, 23444
72A8, 22391
72B4, 23642
72B5, 26476
72C0, 24105
72C2, 21861
72C9, 25745
72D7, 22541
72D9, 22354
72E0, 26270
72E1, 21784
72E9, 23532
72F4, 21764
72F9, 21835
72FA, 25986
72FC, 22440
73A9, 26779
73AB, 25705
73B2, 24033
73B7, 22421
73BC, 24010
73C8, 22879
73CA, 25842
73CD, 22656
73D3, 22227
73E0, 22543
73E5, 21518
73EA, 22879
73FE, 23731
74A0, 26334
74AB, 25469
74B0, 26334
74BA, 26592
74BD, 21121
74CA, 21928
74CF, 21838
74D6, 21261
74DC, 24850
74DF, 23142
74E0, 22056
74E2, 25145
74E3, 25913
74E4, 22440
74E6, 26111
74EE, 21048
74F6, 24963
74F7, 23406
75A5, 27085
75A8, 22338
75B8, 25278
75B9, 23786
75BC, 21984
75BD, 21125
75BE, 26376
75BF, 25127
75C0, 21067
75C2, 22429
75C5, 21903
75C7, 24278
75CC, 21984
75D0, 25428
75D2, 21073
75D5, 21953
75D8, 22848
75D9, 23601
75DA, 22584
75DB, 21854
75DF, 23766
75E0, 25842
75E3, 21624
75E5, 26276
75E7, 21602
75F0, 22726
75F1, 25127
75F2, 23362
75F5, 26180
75F7, 23097
75FF, 27090
76A4, 24748
76AE, 24009
76B0, 23235
76B4, 22611
76B5, 25022
76BA, 25774
76C5, 21416
76C8, 21586
76CA, 21568
76CD, 21270
76CE, 21902
76D2, 21973
76DB, 22699
76DD, 25869
76DE, 26411
76E3, 22650
76E4, 26847
76E5, 26417
76EA, 22729
76EE, 25399
76EF, 21826
76F1, 21164
76F2, 21629
76F4, 22497
76F8, 21473
76F9, 26843
76FB, 22338
77A0, 25451
77A5, 25271
77A7, 24158
77AA, 21893
77AC, 23324
77AD, 24682
77B5, 25468
77B6, 26180
77B7, 23089
77BB, 22688
77BF, 23591
77C3, 23298
77C7, 21467
77CD, 24839
77CF, 21041
77DC, 22603
77E3, 21014
77E5, 21427
77E9, 21450
77ED, 26722
77EE, 21368
77EF, 24416
77F3, 25897
77F4, 25521
77FB, 22484
77FC, 21536
77FD, 25582
78A1, 25579
78A3, 26770
78A9, 25582
78AA, 21585
78B0, 21783
78BA, 24557
78BB, 26517
78BC, 23362
78BE, 26731
78C1, 24089
78C5, 21322
78CB, 23539
78D0, 26703
78D1, 25068
78D4, 26613
78D5, 25579
78DA, 26315
78DF, 22635
78E8, 25543
78F2, 21374
78F4, 22576
78F7, 25365
78FA, 24056
78FB, 25688
78FD, 24271
79A6, 23534
79AA, 22306
79AE, 26917
79B0, 21659
79B3, 26453
79B9, 21013
79BE, 23205
79BF, 23346
79C0, 23975
79C1, 23685
79C9, 25172
79CB, 22601
79CD, 21266
79D1, 22914
79D2, 25078
79D6, 21374
79E3, 27129
79E4, 22631
79E7, 21027
79EA, 21427
79EB, 23760
79FB, 23853
7A05, 23750
7A08, 23746
7A0B, 24997
7A0D, 23096
7A17, 26883
7A1A, 21826
7A1C, 22373
7A1F, 25172
7A20, 24933
7A28, 21764
7A2E, 21554
7A31, 23256
7A37, 25317
7A3B, 24882
7A3C, 23930
7A3D, 26380
7A3F, 22541
7A40, 26122
7A4D, 23116
7A4E, 21133
7A60, 22742
7A61, 25317
7A62, 21193
7A67, 24132
7A6B, 22121
7A6D, 24053
7A70, 22388
7A75, 21789
7A76, 23533
7A78, 21668
7A79, 21694
7A7A, 21411
7A7E, 21377
7A7F, 22353
7A81, 25081
7A83, 26598
7A84, 26023
7A85, 25078
7A8C, 22227
7A90, 26180
7A92, 26369
7A96, 22227
7A97, 21484
7A98, 26566
7AA8, 21021
7AA9, 21171
7AAC, 21727
7AAE, 21928
7AAF, 21516
7AB0, 21587
7AB3, 21659
7AB6, 22997
7ABB, 21484
7AC4, 26985
7AC8, 23880
7ACA, 26598
7AD9, 23154
7ADA, 21405
7ADF, 23782
7AE0, 23482
7AE5, 26381
7AE6, 21441
7AED, 25906
7AEF, 26398
7AF5, 25483
7AF6, 23050
7AF9, 25187
7AFF, 26021
7B08, 22897
7B0A, 23682
7B11, 23566
7B1A, 23619
7B1B, 26824
7B1E, 22504
7B20, 27137
7B21, 22461
7B25, 22435
7B2A, 26421
7B2B, 24051
7B2C, 26518
7B2D, 26150
7B2E, 22426
7B31, 24415
7B33, 22879
7B35, 25913
7B3B, 22395
7B41, 22919
7B45, 23127
7B46, 22251
7B49, 23349
7B4A, 22448
7B4B, 26194
7B50, 23239
7B51, 25187
7B52, 21984
7B54, 23808
7B56, 25263
7B60, 23643
7B62, 22744
7B65, 21450
7B67, 24026
7B69, 21984
7B6D, 23176
7B6E, 21107
7B6F, 23531
7B72, 22134
7B74, 25627
7B85, 25172
7B87, 23939
7B8D, 22015
7B94, 24249
7B97, 26926
7B98, 26626
7B9D, 21492
7BA0, 26642
7BA1, 21861
7BAC, 25007
7BAD, 23911
7BB1, 21261
7BB2, 23127
7BB3, 23597
7BB8, 25081
7BC0, 26015
7BC4, 25913
7BC6, 26860
7BC7, 23599
7BC9, 21675
7BCB, 25164
7BD4, 26058
7BE1, 27094
7BE4, 24948
7BE6, 24702
7BE7, 24557
7BE8, 24010
7BE9, 23804
7BF1, 25033
7BF7, 21666
7BF9, 26245
7BFE, 26600
7C00, 24132
7C06, 23711
7C07, 22934
7C0B, 23417
7C0D, 22741
7C0F, 24955
7C11, 25608
7C19, 26601
7C1E, 26463
7C21, 22816
7C23, 26180
7C25, 23909
7C2A, 22036
7C37, 23785
7C38, 25840
7C3E, 21562
7C3F, 24249
7C43, 22237
7C4B, 22427
7C4D, 22657
7C50, 23667
7C57, 22919
7C60, 21909
7C67, 23591
7C6C, 23951
7C6D, 23685
7C6E, 25313
7C71, 24557
7C79, 25289
7C7D, 24066
7C83, 22912
7C92, 24269
7C95, 23610
7C98, 26006
7C9A, 21933
7C9F, 25088
7CAC, 25920
7CAE, 22102
7CB3, 23031
7CB9, 25570
7CBD, 21832
7CBE, 22846
7CBF, 26517
7CCA, 22120
7CCD, 23924
7CD6, 21567
7CDC, 21796
7CDE, 26592
7CDF, 22770
7CE0, 21411
7CE2, 21278
7CE7, 24286
7CEF, 22142
7CF4, 26670
7CF6, 24760
7CF8, 26645
7CFE, 25497
7D00, 21533
7D04, 21644
7D05, 21626
7D07, 24215
7D08, 26334
7D09, 26096
7D0B, 26356
7D0D, 26221
7D10, 25248
7D13, 21047
7D15, 21670
7D17, 21602
7D19, 21265
7D1A, 25554
7D1C, 21586
7D1F, 21684
7D21, 21635
7D22, 25317
7D28, 24085
7D29, 21683
7D2B, 24066
7D2C, 22569
7D2F, 25074
7D30, 26850
7D35, 25081
7D42, 21579
7D43, 22009
7D44, 22884
7D46, 27140
7D4E, 25244
7D4F, 21193
7D50, 25456
7D53, 26180
7D55, 26137
7D5A, 22603
7D5C, 26261
7D5E, 22227
7D61, 24934
7D63, 22518
7D66, 22897
7D68, 22440
7D6D, 27161
7D6E, 21090
7D71, 25274
7D73, 21626
7D79, 27161
7D7B, 27107
7D7F, 25121
7D83, 23853
7D8F, 25241
7D93, 21158
7D9C, 21914
7DA0, 25007
7DA2, 23758
7DA6, 21374
7DAB, 23488
7DAD, 21028
7DAE, 24068
7DB0, 26417
7DB1, 21536
7DB2, 21772
7DB4, 27001
7DB8, 26400
7DBA, 21013
7DBB, 22851
7DBD, 24761
7DBE, 25444
7DBF, 25332
7DC4, 26895
7DCA, 21319
7DCC, 25241
7DD2, 21107
7DD7, 23163
7DD8, 22196
7DDA, 23488
7DE0, 25095
7DE1, 25411
7DE3, 21477
7DE8, 21903
7DE9, 25987
7DEA, 22603
7DEC, 24148
7DEF, 21452
7DF1, 22448
7DF6, 23992
7DF9, 23183
7DFB, 21683
7E08, 21128
7E0A, 21528
7E0B, 24605
7E10, 25395
7E15, 25039
7E16, 25325
7E1B, 24249
7E22, 24994
7E23, 26415
7E29, 23750
7E2B, 25743
7E2D, 21199
7E2E, 23027
7E31, 21266
7E37, 24356
7E39, 24141
7E3D, 25795
7E3E, 25850
7E43, 21366
7E44, 21193
7E45, 22715
7E46, 25267
7E47, 21516
7E48, 21785
7E4F, 26926
7E50, 24891
7E52, 22946
7E53, 27124
7E54, 21168
7E55, 23488
7E56, 23335
7E5A, 25294
7E5E, 25871
7E62, 25811
7E69, 22764
7E6A, 21770
7E6B, 26291
7E6D, 23746
7E6E, 24083
7E70, 22020
7E73, 25808
7E79, 21872
7E7B, 24866
7E7D, 23582
7E82, 26245
7E8C, 26145
7E8F, 24863
7E93, 21172
7E94, 21729
7E95, 22440
7E96, 21863
7E9A, 21047
7E9B, 24882
7E9C, 22301
7F36, 24122
7F38, 21536
7F3A, 25164
7F3D, 27072
7F3E, 24963
7F41, 21536
7F44, 24346
7F45, 22774
7F4B, 21056
7F51, 23515
7F58, 22204
7F5D, 21821
7F63, 26653
7F68, 21055
7F69, 22821
7F6A, 24489
7F6B, 25647
7F72, 22978
7F75, 21559
7F77, 21530
7F79, 23700
7F7E, 22359
7F85, 22910
7F88, 24850
7F8A, 21073
7F8B, 21817
7F8D, 25479
7F8E, 23041
7F97, 24940
7F9E, 23766
7FA2, 22440
7FA4, 27026
7FA8, 26918
7FB4, 22530
7FB6, 22854
7FB8, 26778
7FB9, 25198
7FBC, 22811
7FBD, 21013
7FC1, 21016
7FC5, 21904
7FCE, 23207
7FD2, 21904
7FD4, 24482
7FD5, 21162
7FE1, 25127
7FE5, 22991
7FE8, 21090
7FE9, 24062
7FF1, 23920
7FF3, 21014
7FF8, 24062
7FF9, 25151
7FFA, 23920
7FFC, 22916
80A1, 26102
80A2, 21095
80A5, 23406
80A9, 23403
80AF, 25550
80B2, 21207
80B8, 22977
80BA, 25127
80CA, 23591
80CC, 25439
80CE, 22400
80D6, 26847
80D9, 26041
80DA, 22877
80DB, 25490
80DC, 22530
80DD, 21125
80DE, 21538
80E1, 22120
80E5, 21047
80EE, 21783
80EF, 22541
80F0, 21092
80F3, 24369
80F4, 21711
80F8, 21344
80FD, 21305
80FE, 25921
81A0, 22448
81A8, 21783
81A9, 21518
81AB, 25540
81AC, 25291
81AE, 23167
81B0, 26334
81B1, 25873
81BD, 22789
81BF, 21838
81C4, 26428
81C5, 22761
81C6, 21644
81C9, 24245
81CA, 22020
81CD, 24409
81CF, 24641
81D6, 24081
81D8, 26495
81DE, 23591
81E0, 27013
81E5, 24786
81E8, 23785
81EA, 23460
81EC, 26760
81ED, 23516
81F3, 23395
81F4, 21939
81FA, 24757
81FC, 24539
81FE, 23321
81FF, 23849
82A1, 25089
82A3, 22120
82A5, 26557
82A8, 22897
82AB, 21613
82AE, 23609
82B1, 23838
82B3, 21276
82B8, 21586
82B9, 26895
82BC, 21320
82BD, 22360
82BE, 24215
82D1, 21345
82D2, 24087
82D4, 21295
82D5, 24157
82DB, 21155
82DC, 26255
82DE, 23280
82DF, 25209
82E3, 23533
82E5, 26749
82E7, 24010
82EB, 22036
82F1, 21060
82F3, 21711
82F4, 22232
82F6, 25386
82F9, 25346
82FE, 23422
83A2, 26921
83A7, 22959
83AA, 23920
83AB, 25399
83BD, 27141
83C0, 22549
83C1, 22079
83C4, 21711
83C5, 22816
83C9, 26670
83CA, 24369
83CC, 27026
83D1, 24406
83D3, 23544
83D4, 24249
83D6, 23251
83DD, 25908
83DF, 23341
83E0, 23620
83E2, 25170
83E4, 26417
83E9, 21762
83EA, 21984
83EF, 23838
83F2, 23249
83F6, 25900
83F8, 21067
83F9, 22848
83FC, 24180
84AF, 27110
84B2, 22236
84B8, 22631
84BA, 26376
84BB, 25007
84BC, 23825
84BF, 21155
84C4, 22938
84C6, 25897
84C9, 22395
84CA, 21650
84CB, 25647
84D1, 22020
84E7, 22868
84E9, 21200
84EC, 21550
84EE, 24969
84EF, 21914
84F0, 21121
84FC, 25007
85A6, 23144
85A7, 22878
85A8, 21393
85AF, 23924
85B7, 23321
85B8, 23219
85B9, 25080
85BA, 21259
85C7, 21905
85C9, 22230
85CA, 21764
85CD, 22237
85CF, 21852
85D0, 21691
85D5, 22955
85DD, 27102
85E4, 23667
85E5, 22030
85E9, 26370
85F7, 21259
85F9, 21528
86A3, 21536
86A4, 23682
86A8, 23280
86AF, 23752
86B1, 25043
86B5, 23285
86BA, 24087
86BC, 22541
86C0, 23116
8A00, 23690
8A02, 23895
8A04, 22394
8A08, 21624
8A0C, 21536
8A0F, 21067
8A11, 21028
8A15, 23488
8A16, 23578
8A1B, 23920
8A1D, 26749
8A22, 25986
8A25, 24902
8A31, 22991
8A36, 22128
8A39, 23760
8A3B, 21168
8A3C, 24278
8A3E, 24010
8A46, 24226
8A48, 24244
8A49, 23069
8A4E, 21552
8A51, 22035
8A56, 21530
8A58, 23609
8A5B, 26678
8A5E, 24157
8A60, 21391
8A61, 22313
8A63, 25139
8A65, 25925
8A66, 21090
8A68, 24416
8A6B, 23765
8A6C, 22121
8A6D, 27083
8A71, 23452
8A73, 24482
8A75, 26049
8A76, 23429
8A7C, 22914
8A83, 21028
8A85, 22848
8A86, 21411
8A8D, 21880
8A8F, 25806
8A91, 22154
8A92, 21647
8A93, 23956
8A94, 24816
8A95, 26036
8A98, 21458
8A9A, 22134
8A9E, 21713
8AA0, 22764
8AA3, 24832
8AA4, 24240
8AAA, 26850
8AB0, 22425
8AB2, 24068
8ABC, 21907
8ABE, 25986
8ABF, 24933
8AC4, 26878
8AC7, 22865
8AC9, 21770
8ACB, 22788
8ACD, 21168
8AD1, 26368
8AD3, 21259
8AD6, 26925
8ADB, 23823
8ADC, 21199
8ADE, 24623
8ADF, 21107
8AE2, 26701
8AE6, 23183
8AE7, 26795
8AED, 24053
8AF7, 21597
8AF8, 21821
8AFE, 21089
8B00, 25374
8B04, 23667
8B05, 22715
8B0A, 21635
8B0E, 21031
8B10, 26318
8B14, 22938
8B17, 26071
8B19, 22685
8B1B, 26102
8B1D, 21917
8B31, 23109
8B33, 21100
8B34, 26982
8B37, 23920
8B39, 26659
8B3D, 25420
8B3E, 26402
8B40, 22386
8B41, 21953
8B46, 21647
8B49, 24278
8B4E, 27038
8B56, 21591
8B58, 25613
8B59, 24758
8B66, 23601
8B77, 25208
8B7D, 21017
8B80, 24770
8B8A, 21819
8B92, 21938
8B93, 21849
8B9A, 26805
8B9E, 23731
8C37, 22030
8C41, 25966
8C46, 24657
8C48, 25418
8C49, 21455
8C4C, 22549
8C4E, 23079
8C50, 23462
8C54, 21134
8C5A, 26349
8C5B, 25567
8C61, 21444
8C6A, 23363
8C6B, 21017
8C6C, 21427
8C78, 21869
8C79, 24387
8C7B, 23642
8C89, 26645
8C93, 25716
8C9D, 23620
8CA0, 25439
8CA1, 23830
8CA2, 21830
8CA8, 22774
8CA9, 26822
8CAB, 23569
8CAC, 24132
8CAF, 24226
8CB3, 21721
8CB7, 24117
8CBA, 21635
8CBB, 21819
8CBC, 23808
8CBF, 24792
8CC1, 21819
8CC3, 21965
8CC4, 23249
8CC8, 23986
8CCA, 26376
8CD1, 24278
8CDC, 21090
8CDE, 21408
8CE0, 26573
8CE2, 23363
8CE3, 24776
8CE4, 26747
8CEA, 21168
8CEC, 25160
8CED, 24707
8CF4, 26218
8CF8, 22699
8CFA, 23785
8CFC, 22008
8CFD, 23750
8D05, 24132
8D08, 22359
8D0A, 24827
8D0F, 21470
8D10, 23378
8D13, 22673
8D16, 25582
8D64, 25088
8D66, 23750
8D6B, 24139
8D6C, 22079
8D6D, 22778
8D70, 22884
8D73, 25497
8D77, 21535
8D7E, 23313
8D81, 24488
8D82, 24488
8D84, 22232
8D85, 22868
8D87, 23215
8D92, 24760
8D95, 23746
8D96, 22020
8D98, 26397
8D99, 24189
8D9B, 22243
8D9F, 24716
8DA1, 24350
8DA3, 22761
8DA8, 23968
8DAF, 25858
8DB3, 23116
8DB4, 22744
8DB5, 26350
8DB7, 22484
8DBC, 24026
8DBE, 24051
8DBF, 22800
8DC2, 21533
8DC8, 24245
8DCB, 27169
8DCC, 26601
8DCD, 22446
8DCF, 22879
8DD0, 22232
8DD1, 23142
8DD3, 22567
8DD4, 22446
8DD5, 24301
8DD6, 25873
8DD7, 22995
8DD9, 25081
8DDB, 22634
8DDD, 21552
8DDF, 23801
8DE1, 25873
8DE4, 21784
8DE8, 25219
8DE9, 23750
8DEB, 22048
8DEC, 26205
8DEE, 25858
8DEF, 24585
8DF2, 24937
8DF3, 25038
8DFC, 22899
8DFD, 21552
8E03, 22134
8E05, 26978
8E09, 22440
8E0F, 26233
8E10, 23178
8E12, 21219
8E14, 22546
8E1C, 22244
8E1D, 27023
8E1E, 22446
8E20, 24410
8E21, 26861
8E22, 25858
8E23, 22445
8E25, 22983
8E26, 21533
8E27, 22761
8E2A, 22359
8E2B, 23365
8E31, 26223
8E35, 23218
8E36, 25350
8E39, 25952
8E3F, 23326
8E41, 25346
8E42, 26008
8E43, 25869
8E44, 26946
8E49, 22443
8E4B, 24670
8E4C, 21266
8E4D, 24245
8E56, 21564
8E59, 22761
8E5B, 25095
8E5C, 23415
8E5F, 24090
8E60, 23857
8E61, 25639
8E62, 26824
8E63, 26765
8E64, 21852
8E67, 22770
8E68, 24245
8E69, 25955
8E6C, 23031
8E6D, 25924
8E72, 26132
8E73, 27072
8E74, 23717
8E76, 26770
8E78, 25468
8E7A, 23909
8E7B, 24707
8E81, 23929
8E82, 22482
8E84, 21809
8E85, 26223
8E87, 21771
8E8D, 23111
8E90, 26495
8E93, 25873
8E95, 22567
8E97, 25047
8E98, 22244
8EA1, 22469
8EAB, 22059
8EBC, 24846
8EBF, 22077
8EC0, 21905
8ECA, 21158
8ECB, 24927
8ECC, 23417
8ECD, 26400
8ED2, 22759
8EDB, 21601
8EDF, 26809
8EEC, 27078
8EF8, 25449
8EFC, 21218
8EFE, 21540
8F03, 23395
8F09, 26518
8F0A, 21826
8F12, 26595
8F14, 22204
8F15, 23239
8F1B, 21849
8F1F, 27042
8F2A, 26925
8F2D, 25258
8F2F, 22189
8F35, 21964
8F38, 21047
8F3E, 24193
8F3F, 21028
8F44, 25780
8F46, 25869
8F49, 26245
8F4E, 24416
8F54, 25365
8F5F, 23832
8F9B, 21807
8F9F, 25631
8FA3, 27171
8FAD, 22329
8FAE, 21903
8FB1, 25007
8FB2, 25768
8FC2, 21194
8FC4, 23578
8FC5, 26784
8FCE, 24164
8FD1, 27026
8FD2, 21626
8FD3, 25139
8FD4, 25628
8FD5, 23404
8FE2, 22868
8FE3, 26594
8FE4, 21028
8FE5, 22555
8FE6, 22219
8FEA, 25617
8FEB, 24266
8FED, 22916
8FF7, 21412
8FF8, 23813
8FF9, 23448
8FFD, 23381
9A03, 25068
9A0C, 24640
9A0E, 21492
9A19, 24217
9A23, 21579
9A30, 23729
9A41, 23920
9A45, 21235
9A4C, 24229
9A4D, 23909
9A57, 24074
9A5A, 22603
9A5B, 22916
9A5F, 23030
9A62, 21630
9A64, 23163
9A6A, 21630
9AA8, 22541
9AAF, 21794
9AB0, 23341
9AB1, 25647
9AB8, 24362
9AB9, 22241
9ABC, 26198
9ABE, 21450
9ABF, 23597
9AC0, 26072
9ACF, 22741
9AD2, 21832
9AD3, 23960
9AD8, 22448
9ADF, 23389
9AE2, 24718
9AEF, 24087
9AFC, 21783
9AFD, 25003
9B03, 21579
9B05, 22242
9B06, 21348
9B0C, 24143
9B1A, 21905
9B1F, 26882
9B25, 24454
9B26, 24683
9B27, 25287
9B28, 21597
9B29, 25176
9B2B, 22386
9B2E, 23752
9B32, 26198
9B37, 21832
9B3B, 23717
9B41, 23020
9B44, 25723
9B45, 21966
9B4E, 26082
9B4F, 21721
9B51, 21199
9B58, 22092
9B5A, 23263
9B60, 22453
9B69, 24399
9B71, 22495
9B74, 21626
9B8E, 22036
9B91, 22449
9B93, 22426
9BAB, 22448
9BAD, 23139
9BAE, 22530
9BC1, 21450
9BC8, 21502
9BCA, 22584
9BD7, 21408
9BE7, 21266
9BE8, 23239
9BEA, 22635
9BFC, 24640
9BFD, 25873
9C02, 26376
9C07, 23593
9C08, 26191
9C0C, 22391
9C0D, 23593
9C10, 25825
9C13, 21125
9C32, 23920
9C33, 26523
9C3B, 24315
9C3C, 22064
9C3E, 24813
9C44, 26115
9C46, 23898
9C49, 26399
9C53, 27000
9C57, 23449
9C59, 25871
9C5F, 22121
9C6E, 21143
9C71, 27095
9CE5, 24467
9CE9, 23415
9CEF, 21051
9CF3, 21051
9CF4, 24318
9D03, 26261
9D06, 21870
9D12, 23207
9D1D, 21374
9D1E, 23451
9D26, 21027
9D28, 21649
9D3F, 21265
9D41, 22448
9D59, 26198
9D5D, 24107
9D60, 25208
9D6A, 21296
9D72, 25164
9D84, 22079
9D89, 26356
9D98, 22120
9DA6, 22120
9DA9, 25399
9DB4, 25208
9DBA, 25873
9DBB, 24401
9DC3, 21477
9DCC, 21084
9DD6, 21193
9DD7, 21100
9DDE, 21348
9DE5, 21905
9DE6, 22709
9E1B, 26940
9E75, 24370
9E79, 22177
9E7A, 24262
9E7B, 21158
9E7C, 23572
9E7D, 21297
9E87, 26626
9E88, 22312
9E97, 23951
9E9E, 22614
9EA5, 26645
9EA9, 21762
9EB4, 25103
9EB5, 24148
9EBB, 22643
9EBC, 21074
9EC3, 21626
9ECD, 22312
9ECE, 21630
9ECF, 26006
9ED0, 21933
9ED1, 25176
9ED4, 24004
9ED7, 26449
9ED8, 26645
9EDC, 23609
9EDD, 21240
9EE0, 26770
9EE2, 22210
9EE5, 23840
9EE6, 22226
9EE8, 26367
9EEF, 21096
9EF4, 26385
9EF7, 24770
9EFF, 27024
9F07, 23920
9F08, 22611
9F09, 23171
9F0E, 23349
9F15, 21984
9F20, 21346
9F22, 27141
9F2F, 22889
9F3B, 21903
9F3C, 25497
9F3D, 25259
9F3E, 23642
9F40, 23578
9F41, 23175
9F46, 21056
9F4A, 24158
9F4B, 23561
9F52, 21346
9F54, 23256
9F57, 26829
9F58, 23563
9F5F, 24066
9F66, 26829
9F67, 24809
9F69, 24408
9F6A, 22761
9F6C, 23171
9F71, 22600
9F74, 26331
9F75, 22889
9F76, 24083
9F77, 21375
9F8D, 22440
9F90, 26084
9F94, 21785
9F95, 22383
9F9C, 23139
9FA0, 23111
9FA1, 22944
